Canal,Frecuencia
Web,Alta
Web,Alta
Web,Alta
Web,Alta
Web,Alta
Web,Alta
Web,Alta
Web,Alta
Web,Alta
Web,Alta
Web,Alta
Web,Alta
Web,Alta
Web,Alta
Web,Alta
Web,Alta
Web,Alta
Web,Alta
Web,Alta
Web,Alta
Web,Alta
Web,Alta
Web,Alta
Web,Alta
Web,Alta
Web,Alta
Web,Alta
Web,Alta
Web,Alta
Web,Alta
Web,Alta
Web,Alta
Web,Alta
Web,Alta
Web,Alta
Web,Alta
Web,Alta
Web,Alta
Web,Alta
Web,Alta
Web,Alta
Web,Alta
Web,Alta
Web,Media
Web,Media
Web,Media
Web,Media
Web,Media
Web,Media
Web,Media
Web,Media
Web,Media
Web,Media
Web,Media
Web,Media
Web,Media
Web,Media
Web,Media
Web,Media
Web,Media
Web,Media
Web,Media
Web,Media
Web,Media
Web,Media
Web,Media
Web,Media
Web,Media
Web,Media
Web,Media
Web,Media
Web,Media
Web,Baja
Web,Baja
Web,Baja
Web,Baja
Web,Baja
Web,Baja
Web,Baja
Web,Baja
Web,Baja
Web,Baja
Web,Baja
Web,Baja
Web,Baja
Web,Baja
Web,Baja
Web,Baja
Web,Baja
Web,Baja
Web,Baja
Web,Baja
Web,Baja
Web,Baja
Teléfono,Alta
Teléfono,Alta
Teléfono,Alta
Teléfono,Alta
Teléfono,Alta
Teléfono,Alta
Teléfono,Alta
Teléfono,Alta
Teléfono,Alta
Teléfono,Alta
Teléfono,Alta
Teléfono,Alta
Teléfono,Alta
Teléfono,Alta
Teléfono,Alta
Teléfono,Alta
Teléfono,Alta
Teléfono,Alta
Teléfono,Alta
Teléfono,Alta
Teléfono,Alta
Teléfono,Alta
Teléfono,Alta
Teléfono,Alta
Teléfono,Alta
Teléfono,Alta
Teléfono,Alta
Teléfono,Alta
Teléfono,Alta
Teléfono,Alta
Teléfono,Alta
Teléfono,Alta
Teléfono,Alta
Teléfono,Alta
Teléfono,Alta
Teléfono,Media
Teléfono,Media
Teléfono,Media
Teléfono,Media
Teléfono,Media
Teléfono,Media
Teléfono,Media
Teléfono,Media
Teléfono,Media
Teléfono,Media
Teléfono,Media
Teléfono,Media
Teléfono,Media
Teléfono,Media
Teléfono,Media
Teléfono,Media
Teléfono,Media
Teléfono,Media
Teléfono,Media
Teléfono,Media
Teléfono,Media
Teléfono,Media
Teléfono,Media
Teléfono,Media
Teléfono,Media
Teléfono,Media
Teléfono,Media
Teléfono,Media
Teléfono,Media
Teléfono,Media
Teléfono,Media
Teléfono,Media
Teléfono,Media
Teléfono,Baja
Teléfono,Baja
Teléfono,Baja
Teléfono,Baja
Teléfono,Baja
Teléfono,Baja
Teléfono,Baja
Teléfono,Baja
Teléfono,Baja
Teléfono,Baja
Teléfono,Baja
Teléfono,Baja
Teléfono,Baja
Teléfono,Baja
Teléfono,Baja
Teléfono,Baja
Teléfono,Baja
Teléfono,Baja
Teléfono,Baja
Teléfono,Baja
Teléfono,Baja
Teléfono,Baja
Teléfono,Baja
Teléfono,Baja
Teléfono,Baja
Teléfono,Baja
Teléfono,Baja
Teléfono,Baja
Teléfono,Baja
Teléfono,Baja
Teléfono,Baja
Teléfono,Baja
Teléfono,Baja
Teléfono,Baja
Teléfono,Baja
Teléfono,Baja
Teléfono,Baja
Presencial,Alta
Presencial,Alta
Presencial,Alta
Presencial,Alta
Presencial,Alta
Presencial,Alta
Presencial,Alta
Presencial,Alta
Presencial,Alta
Presencial,Alta
Presencial,Alta
Presencial,Alta
Presencial,Alta
Presencial,Alta
Presencial,Alta
Presencial,Alta
Presencial,Alta
Presencial,Alta
Presencial,Alta
Presencial,Alta
Presencial,Alta
Presencial,Alta
Presencial,Alta
Presencial,Alta
Presencial,Alta
Presencial,Media
Presencial,Media
Presencial,Media
Presencial,Media
Presencial,Media
Presencial,Media
Presencial,Media
Presencial,Media
Presencial,Media
Presencial,Media
Presencial,Media
Presencial,Media
Presencial,Media
Presencial,Media
Presencial,Media
Presencial,Media
Presencial,Media
Presencial,Media
Presencial,Media
Presencial,Media
Presencial,Media
Presencial,Media
Presencial,Media
Presencial,Media
Presencial,Media
Presencial,Baja
Presencial,Baja
Presencial,Baja
Presencial,Baja
Presencial,Baja
Presencial,Baja
Presencial,Baja
Presencial,Baja
Presencial,Baja
Presencial,Baja
Presencial,Baja
Presencial,Baja
Presencial,Baja
Presencial,Baja
Presencial,Baja
Presencial,Baja
Presencial,Baja
Presencial,Baja
Presencial,Baja
Presencial,Baja
Presencial,Baja
Presencial,Baja
Presencial,Baja
Presencial,Baja
Presencial,Baja
Presencial,Baja
Presencial,Baja
Presencial,Baja
Presencial,Baja
Presencial,Baja
Presencial,Baja
Presencial,Baja
Presencial,Baja
Presencial,Baja
Presencial,Baja
Presencial,Baja
Presencial,Baja
Presencial,Baja
