Mes,CCF,Empresas Afiliadas,Afiliados Facultativos Independientes,Afiliados Pensionados,Afiliados Fidelidad,Año,Cantidad de Afiliados,Trabajadores Empleados Dependientes,No Afiliados con Derecho a Subsidios,Personas a Cargo,Total Población Cubierta
1,Caja de Compensación Familiar COMFENALCO ANTIOQUIA,30117,9426,2361,2884,2024,438736,415453,8612,447995,886731
1,Caja de Compensación Familiar de Antioquia: COMFAMA,206909,44017,15588,24198,2024,1374505,1263204,27498,1288914,2663419
1,Caja de Compensación Familiar de Barranquilla: COMBARRANQUILLA,14295,1334,362,51,2024,178707,172487,4473,207916,386623
1,Caja de Compensación Familiar COMFAMILIAR Del Atlántico,20399,486,1975,0,2024,265243,258351,4431,320693,585936
1,Caja de Compensación Familiar de Fenalco: Andi COMFENALCO CARTAGENA,33277,810,419,72,2024,260385,254221,4863,290125,550510
1,Caja de Compensación Familiar de Cartagena y Bolivar COMFAMILIAR,4876,595,26,0,2024,51340,48805,1914,67682,119022
1,Caja de Compensación Familiar de Boyacá: COMFABOY,27041,1482,803,4009,2024,195620,189050,276,241909,437529
1,Caja de Compensación Familiar de Caldas COMFAMILIARES,20576,1616,3706,64370,2024,234561,158649,6220,169696,404257
1,Caja de Compensación Familiar del Caquetá: COMFACA,4202,180,24,22,2024,31896,31670,0,43049,74945
1,Caja de Compensación Familiar del Cauca: COMFACAUCA,15339,2372,875,3318,2024,121318,110384,4369,178958,300276
1,Caja de Compensación Familiar del Cesar COMFACESAR,9482,463,94,0,2024,126237,121503,4177,185044,311281
1,Caja de Compensación Familiar de Córdoba COMFACOR,11251,375,93,0,2024,123749,123281,0,149273,273022
1,Caja de Compensación Familiar CAFAM,86238,153906,10940,16925,2024,865167,669809,13587,674703,1539870
1,Caja Colombiana de Subsidio Familiar: COLSUBSIDIO,160546,28161,13069,18049,2024,1564447,1486286,18882,1397617,2962064
1,Caja de Compensación Familiar COMPENSAR,196518,87699,37554,13990,2024,1490831,1326520,25068,1363946,2854777
1,Caja de Compensación Familiar de Cundinamarca: COMFACUNDI,2382,110,571,0,2024,37255,35582,992,32097,69352
1,Caja de Compensación Familiar del Choco,3574,381,82,0,2024,23854,21738,1653,44992,68846
1,Caja de Compensación Familiar de la Guajira: COMFAGUAJIRA,3747,226,122,0,2024,58074,55053,2673,90222,148296
1,Caja de Compensación Familiar del Huila: COMFAMILIAR Huila,15695,1334,459,27821,2024,149651,114025,6012,194568,344219
1,Caja de Compensación Familiar del Magdalena,11119,388,179,450,2024,133238,129154,3067,211077,344315
1,Caja de Compensación Familiar Regional del Meta: COFREM,19063,1526,295,74657,2024,252495,170285,5732,216725,469220
1,Caja de Compensación Familiar de Nariño,11221,373,597,0,2024,113871,106961,5940,156504,270375
1,Caja de Compensación Familiar del Oriente Colombiano: COMFAORIENTE,8245,1187,117,428,2024,67102,65314,56,81589,148691
1,Caja de Compensación Familiar del Norte de Santander: COMFANORTE,15006,827,163,57654,2024,171099,112355,100,139310,310409
1,Caja de Compensación Familiar de Barrancabermeja: CAFABA,2078,14,11,0,2024,24369,24230,114,27887,52256
1,Caja Santandereana de Subsidio Familiar: CAJASAN,28799,2034,604,1621,2024,185526,175725,5542,216820,402346
1,Caja de Compensación Familiar COMFENALCO SANTANDER,33457,2463,1078,1753,2024,236205,230862,49,208610,444815
1,Caja de Compensación Familiar de Sucre,6451,326,44,2448,2024,63702,58664,2220,85843,149545
1,Caja de Compensación Familiar de Fenalco: COMFENALCO QUINDIO,14562,1762,1276,525,2024,107882,104307,12,86434,194316
1,Caja de Compensación Familiar de Risaralda: COMFAMILIAR RISARALDA,28136,2189,339,5050,2024,208841,201263,0,176067,384908
1,Caja de Compensación Familiar del Sur del Tolima CAFASUR,667,79,39,8,2024,4758,4632,0,5834,10592
1,Caja de Compensación Familiar del Tolima COMFATOLIMA,7522,1288,254,208,2024,61059,59309,0,54169,115228
1,Caja de Compensación Familiar de Fenalco del Tolima: COMFENALCO,12925,1137,487,40318,2024,169646,124665,3039,146336,315982
1,Caja de Compensación Familiar del Valle del Cauca: COMFENALCO VALLE,31080,9077,2306,3276,2024,314523,292234,7630,264936,579459
1,Caja de Compensación Familiar del Valle del Cauca COMFAMILIAR ANDI: COMFANDI,78439,12172,12099,562,2024,666355,641522,0,613605,1279960
1,Caja de Compensación Familiar del Putumayo: COMFAMILIAR Putumayo,3309,238,29,0,2024,25708,24290,1151,34880,60588
1,Caja de Compensación Familiar de San Andrés y Providencia Islas: CAJASAI,1810,115,0,0,2024,15152,15037,0,28712,43864
1,Caja de Compensación Familiar del Amazonas: CAFAMAZ,1134,142,11,2,2024,6140,5684,301,11094,17234
1,Caja de Compensación Familiar de Arauca: COMFIAR,2988,208,4,0,2024,24549,23461,876,35779,60328
1,Caja de Compensación Familiar Campesina: COMCAJA,2234,28,0,0,2024,15962,15934,0,17878,33840
1,Caja de Compensación Familiar del Casanare: COMFACASANARE,10594,504,41,0,2024,67855,63584,3726,88146,156001
1,Caja de Compensación Familiar CAJACOPI BARRANQUILLA,4977,102,14,0,2024,63497,62083,1298,82944,146441
2,Caja de Compensación Familiar COMFENALCO ANTIOQUIA,30478,9477,2383,3040,2024,442660,423186,4574,446126,888786
2,Caja de Compensación Familiar de Antioquia: COMFAMA,206653,44316,15805,24564,2024,1383268,1286443,12140,1294707,2677975
2,Caja de Compensación Familiar de Barranquilla: COMBARRANQUILLA,14384,1344,364,54,2024,176059,171703,2594,204784,380843
2,Caja de Compensación Familiar COMFAMILIAR Del Atlántico,20517,496,1990,0,2024,265045,260188,2371,318940,583985
2,Caja de Compensación Familiar de Fenalco: Andi COMFENALCO CARTAGENA,33740,662,381,79,2024,263686,259757,2807,290158,553844
2,Caja de Compensación Familiar de Cartagena y Bolivar COMFAMILIAR,4953,418,0,0,2024,49356,47821,1117,64855,114211
2,Caja de Compensación Familiar de Boyacá: COMFABOY,26864,1356,839,4056,2024,194891,188238,402,241546,436437
2,Caja de Compensación Familiar de Caldas COMFAMILIARES,20615,1654,3775,64847,2024,235779,162706,2797,168169,403948
2,Caja de Compensación Familiar del Caquetá: COMFACA,4217,181,26,23,2024,31729,31499,0,41136,72865
2,Caja de Compensación Familiar del Cauca: COMFACAUCA,15386,2147,895,3510,2024,124171,116259,1360,182460,306631
2,Caja de Compensación Familiar del Cesar COMFACESAR,9450,461,97,0,2024,126263,123447,2258,181982,308245
2,Caja de Compensación Familiar de Córdoba COMFACOR,11395,382,101,0,2024,118842,118359,0,144504,263346
2,Caja de Compensación Familiar CAFAM,86556,153653,10989,17084,2024,874598,683818,9054,678718,1553316
2,Caja Colombiana de Subsidio Familiar: COLSUBSIDIO,160838,28112,13150,18377,2024,1575234,1503233,12362,1374432,2949666
2,Caja de Compensación Familiar COMPENSAR,198236,88715,38260,14191,2024,1505930,1346794,17970,1360863,2866793
2,Caja de Compensación Familiar de Cundinamarca: COMFACUNDI,2397,111,586,0,2024,38479,37076,706,32071,70550
2,Caja de Compensación Familiar del Choco,3362,312,82,0,2024,23278,22566,318,42225,65503
2,Caja de Compensación Familiar de la Guajira: COMFAGUAJIRA,3735,261,121,0,2024,60519,58791,1346,89409,149928
2,Caja de Compensación Familiar del Huila: COMFAMILIAR Huila,15640,1311,478,26345,2024,151077,119505,3438,194119,345196
2,Caja de Compensación Familiar del Magdalena,11151,404,188,457,2024,136072,132833,2190,211941,348013
2,Caja de Compensación Familiar Regional del Meta: COFREM,17808,1545,327,34976,2024,220780,179185,4747,218731,439511
2,Caja de Compensación Familiar de Nariño,11290,398,602,0,2024,116173,110505,4668,156164,272337
2,Caja de Compensación Familiar del Oriente Colombiano: COMFAORIENTE,8355,1216,120,407,2024,69046,67211,92,85063,154109
2,Caja de Compensación Familiar del Norte de Santander: COMFANORTE,15150,869,168,54401,2024,171281,115723,120,139990,311271
2,Caja de Compensación Familiar de Barrancabermeja: CAFABA,2048,15,10,0,2024,24725,24670,30,27536,52261
2,Caja Santandereana de Subsidio Familiar: CAJASAN,29067,2066,609,1627,2024,177953,171198,2453,208518,386471
2,Caja de Compensación Familiar COMFENALCO SANTANDER,33672,2499,1110,1781,2024,236282,230748,144,202817,439099
2,Caja de Compensación Familiar de Sucre,6286,325,46,1143,2024,61669,59389,766,83803,145472
2,Caja de Compensación Familiar de Fenalco: COMFENALCO QUINDIO,14682,1696,1307,550,2024,107319,103754,12,85516,192835
2,Caja de Compensación Familiar de Risaralda: COMFAMILIAR RISARALDA,28590,2237,362,5108,2024,211852,204145,0,168117,379969
2,Caja de Compensación Familiar del Sur del Tolima CAFASUR,684,93,39,8,2024,4858,4718,0,5854,10712
2,Caja de Compensación Familiar del Tolima COMFATOLIMA,7629,1314,262,216,2024,60147,58355,0,53363,113510
2,Caja de Compensación Familiar de Fenalco del Tolima: COMFENALCO,13168,1125,479,40287,2024,172349,128603,1855,147123,319472
2,Caja de Compensación Familiar del Valle del Cauca: COMFENALCO VALLE,31024,9115,2359,3294,2024,314158,295072,4318,261354,575512
2,Caja de Compensación Familiar del Valle del Cauca COMFAMILIAR ANDI: COMFANDI,78608,12358,12194,508,2024,682210,657150,0,625873,1308083
2,Caja de Compensación Familiar del Putumayo: COMFAMILIAR Putumayo,3308,260,29,0,2024,26328,25493,546,34337,60665
2,Caja de Compensación Familiar de San Andrés y Providencia Islas: CAJASAI,1782,123,0,0,2024,15341,15218,0,27705,43046
2,Caja de Compensación Familiar del Amazonas: CAFAMAZ,1161,144,12,2,2024,6124,5911,55,10645,16769
2,Caja de Compensación Familiar de Arauca: COMFIAR,3029,224,4,0,2024,24660,24064,368,35203,59863
2,Caja de Compensación Familiar Campesina: COMCAJA,2248,26,0,0,2024,15516,15490,0,16809,32325
2,Caja de Compensación Familiar del Casanare: COMFACASANARE,10755,521,44,0,2024,72758,70638,1555,89110,161868
2,Caja de Compensación Familiar CAJACOPI BARRANQUILLA,5019,105,15,0,2024,64099,63283,696,81997,146096
3,Caja de Compensación Familiar COMFENALCO ANTIOQUIA,30700,9707,2445,3205,2024,444181,424579,4245,447424,891605
3,Caja de Compensación Familiar de Antioquia: COMFAMA,209030,45186,16141,25077,2024,1391563,1292139,13020,1306349,2697912
3,Caja de Compensación Familiar de Barranquilla: COMBARRANQUILLA,14395,1354,367,55,2024,176317,172209,2332,204716,381033
3,Caja de Compensación Familiar COMFAMILIAR Del Atlántico,20610,530,2013,0,2024,266577,260701,3333,320730,587307
3,Caja de Compensación Familiar de Fenalco: Andi COMFENALCO CARTAGENA,33973,649,416,80,2024,265511,261370,2996,293719,559230
3,Caja de Compensación Familiar de Cartagena y Bolivar COMFAMILIAR,5002,641,30,0,2024,51870,50693,506,66959,118829
3,Caja de Compensación Familiar de Boyacá: COMFABOY,27012,1355,859,4130,2024,199797,193218,235,246021,445818
3,Caja de Compensación Familiar de Caldas COMFAMILIARES,20658,1716,3828,61854,2024,234115,164423,2294,170326,404441
3,Caja de Compensación Familiar del Caquetá: COMFACA,4267,186,27,23,2024,31452,31216,0,40758,72210
3,Caja de Compensación Familiar del Cauca: COMFACAUCA,15344,2088,920,3529,2024,125012,117498,977,183869,308881
3,Caja de Compensación Familiar del Cesar COMFACESAR,9408,473,99,0,2024,126854,124252,2030,182676,309530
3,Caja de Compensación Familiar de Córdoba COMFACOR,11485,392,112,0,2024,118520,118016,0,137063,255583
3,Caja de Compensación Familiar CAFAM,86391,150071,11124,17169,2024,866476,680091,8021,669498,1535974
3,Caja Colombiana de Subsidio Familiar: COLSUBSIDIO,161431,27872,13147,19526,2024,1572200,1500424,11231,1364684,2936884
3,Caja de Compensación Familiar COMPENSAR,198308,89605,38390,14362,2024,1509947,1352977,14613,1362071,2872018
3,Caja de Compensación Familiar de Cundinamarca: COMFACUNDI,2390,103,599,0,2024,39982,38612,668,33629,73611
3,Caja de Compensación Familiar del Choco,3312,316,81,0,2024,23654,23037,220,41411,65065
3,Caja de Compensación Familiar de la Guajira: COMFAGUAJIRA,3749,270,122,0,2024,62340,61071,877,90678,153018
3,Caja de Compensación Familiar del Huila: COMFAMILIAR Huila,15563,1314,474,26173,2024,149256,118370,2925,191614,340870
3,Caja de Compensación Familiar del Magdalena,11199,417,192,460,2024,136090,132664,2357,213025,349115
3,Caja de Compensación Familiar Regional del Meta: COFREM,18893,1554,344,34587,2024,219871,180401,2985,218476,438347
3,Caja de Compensación Familiar de Nariño,11275,386,610,0,2024,115258,111833,2429,151291,266549
3,Caja de Compensación Familiar del Oriente Colombiano: COMFAORIENTE,8470,1250,123,585,2024,70605,68596,51,86153,156758
3,Caja de Compensación Familiar del Norte de Santander: COMFANORTE,14959,849,170,53304,2024,171087,116706,58,140183,311270
3,Caja de Compensación Familiar de Barrancabermeja: CAFABA,2083,18,19,2,2024,24648,24568,41,27456,52104
3,Caja Santandereana de Subsidio Familiar: CAJASAN,29251,2152,606,1628,2024,180606,173711,2509,210874,391480
3,Caja de Compensación Familiar COMFENALCO SANTANDER,33667,2538,1141,1800,2024,233757,228243,35,199038,432795
3,Caja de Compensación Familiar de Sucre,6286,331,46,869,2024,60886,58903,737,83442,144328
3,Caja de Compensación Familiar de Fenalco: COMFENALCO QUINDIO,14716,1688,1316,557,2024,106786,103217,8,84994,191780
3,Caja de Compensación Familiar de Risaralda: COMFAMILIAR RISARALDA,28795,2289,382,5146,2024,210453,202636,0,166357,376810
3,Caja de Compensación Familiar del Sur del Tolima CAFASUR,682,91,39,8,2024,4691,4553,0,5816,10507
3,Caja de Compensación Familiar del Tolima COMFATOLIMA,7726,1341,267,218,2024,57542,55716,0,50512,108054
3,Caja de Compensación Familiar de Fenalco del Tolima: COMFENALCO,13188,1105,492,40030,2024,172614,129744,1243,146573,319187
3,Caja de Compensación Familiar del Valle del Cauca: COMFENALCO VALLE,31325,9399,2398,3305,2024,317196,298368,3726,261951,579147
3,Caja de Compensación Familiar del Valle del Cauca COMFAMILIAR ANDI: COMFANDI,79370,12403,12312,516,2024,680676,655445,0,624798,1305474
3,Caja de Compensación Familiar del Putumayo: COMFAMILIAR Putumayo,3327,258,29,0,2024,26443,25881,275,33903,60346
3,Caja de Compensación Familiar de San Andrés y Providencia Islas: CAJASAI,1780,166,5,0,2024,15342,14683,488,16726,32068
3,Caja de Compensación Familiar del Amazonas: CAFAMAZ,1174,147,13,2,2024,6431,6219,50,11057,17488
3,Caja de Compensación Familiar de Arauca: COMFIAR,3047,232,4,0,2024,24827,24246,345,35217,60044
3,Caja de Compensación Familiar Campesina: COMCAJA,2273,26,0,0,2024,15253,15227,0,16618,31871
3,Caja de Compensación Familiar del Casanare: COMFACASANARE,10879,523,56,0,2024,73180,71082,1519,89052,162232
3,Caja de Compensación Familiar CAJACOPI BARRANQUILLA,4986,104,15,0,2024,64510,63834,557,80958,145468
4,Caja de Compensación Familiar COMFENALCO ANTIOQUIA,30849,9800,2486,3327,2024,447144,427932,3599,450235,897379
4,Caja de Compensación Familiar de Antioquia: COMFAMA,212632,46876,16718,25614,2024,1412124,1312041,10875,1314994,2727118
4,Caja de Compensación Familiar de Barranquilla: COMBARRANQUILLA,14443,1377,371,67,2024,179555,175431,2309,206830,386385
4,Caja de Compensación Familiar COMFAMILIAR Del Atlántico,20688,507,2018,0,2024,268061,263230,2306,320586,588647
4,Caja de Compensación Familiar de Fenalco: Andi COMFENALCO CARTAGENA,34451,636,411,80,2024,264228,260116,2985,295634,559862
4,Caja de Compensación Familiar de Cartagena y Bolivar COMFAMILIAR,5012,661,32,0,2024,52428,51357,378,65502,117930
4,Caja de Compensación Familiar de Boyacá: COMFABOY,27589,1434,886,4176,2024,200904,193833,575,249356,450260
4,Caja de Compensación Familiar de Caldas COMFAMILIARES,21006,1753,3883,60722,2024,236102,167532,2212,173684,409786
4,Caja de Compensación Familiar del Caquetá: COMFACA,4254,178,26,24,2024,32485,32257,0,41964,74449
4,Caja de Compensación Familiar del Cauca: COMFACAUCA,15658,2163,931,3635,2024,125526,117273,1524,183646,309172
4,Caja de Compensación Familiar del Cesar COMFACESAR,9494,486,101,0,2024,127138,124461,2090,183062,310200
4,Caja de Compensación Familiar de Córdoba COMFACOR,11596,412,119,0,2024,119652,119121,0,144940,264592
4,Caja de Compensación Familiar CAFAM,86246,148076,11192,17291,2024,860876,675270,9047,666772,1527648
4,Caja Colombiana de Subsidio Familiar: COLSUBSIDIO,162572,28012,13179,20079,2024,1580837,1507545,12022,1361190,2942027
4,Caja de Compensación Familiar COMPENSAR,198898,89676,39477,14520,2024,1511503,1352050,15780,1364596,2876099
4,Caja de Compensación Familiar de Cundinamarca: COMFACUNDI,2443,103,596,0,2024,41597,40310,588,34816,76413
4,Caja de Compensación Familiar del Choco,3273,312,81,0,2024,22959,22343,223,42969,65928
4,Caja de Compensación Familiar de la Guajira: COMFAGUAJIRA,3768,295,123,0,2024,64640,63422,800,92766,157406
4,Caja de Compensación Familiar del Huila: COMFAMILIAR Huila,15596,1270,458,25328,2024,151593,120845,3692,194455,346048
4,Caja de Compensación Familiar del Magdalena,11301,432,199,466,2024,135045,132192,1756,210938,345983
4,Caja de Compensación Familiar Regional del Meta: COFREM,19174,1532,343,33749,2024,218334,180505,2205,223053,441387
4,Caja de Compensación Familiar de Nariño,11379,383,619,0,2024,115627,112498,2127,146450,262077
4,Caja de Compensación Familiar del Oriente Colombiano: COMFAORIENTE,8606,1281,129,655,2024,73513,71388,60,89311,162824
4,Caja de Compensación Familiar del Norte de Santander: COMFANORTE,15094,892,175,51630,2024,171195,118355,143,141940,313135
4,Caja de Compensación Familiar de Barrancabermeja: CAFABA,2114,15,7,1,2024,16378,16337,18,16379,32757
4,Caja Santandereana de Subsidio Familiar: CAJASAN,29975,2215,624,2065,2024,184293,177427,1962,213427,397720
4,Caja de Compensación Familiar COMFENALCO SANTANDER,33776,2772,1183,1819,2024,244517,238685,58,206297,450814
4,Caja de Compensación Familiar de Sucre,6435,332,46,887,2024,59693,57745,683,83180,142873
4,Caja de Compensación Familiar de Fenalco: COMFENALCO QUINDIO,14809,1695,1322,576,2024,104443,100848,2,84654,189097
4,Caja de Compensación Familiar de Risaralda: COMFAMILIAR RISARALDA,29402,2331,393,5188,2024,215575,207663,0,172079,387654
4,Caja de Compensación Familiar del Sur del Tolima CAFASUR,696,88,39,8,2024,4934,4799,0,5924,10858
4,Caja de Compensación Familiar del Tolima COMFATOLIMA,7795,1342,270,220,2024,57789,55957,0,50043,107832
4,Caja de Compensación Familiar de Fenalco del Tolima: COMFENALCO,13244,1096,488,39897,2024,174251,131529,1241,149389,323640
4,Caja de Compensación Familiar del Valle del Cauca: COMFENALCO VALLE,31711,9556,2424,3306,2024,320363,301779,3298,264410,584773
4,Caja de Compensación Familiar del Valle del Cauca COMFAMILIAR ANDI: COMFANDI,80059,12730,12482,557,2024,678040,652271,0,620116,1298156
4,Caja de Compensación Familiar del Putumayo: COMFAMILIAR Putumayo,3347,258,29,0,2024,26793,26184,322,34016,60809
4,Caja de Compensación Familiar de San Andrés y Providencia Islas: CAJASAI,1779,147,4,0,2024,15274,14666,457,16726,32000
4,Caja de Compensación Familiar del Amazonas: CAFAMAZ,1206,158,13,2,2024,6565,6322,70,11254,17819
4,Caja de Compensación Familiar de Arauca: COMFIAR,2981,245,4,0,2024,25302,24516,537,35785,61087
4,Caja de Compensación Familiar Campesina: COMCAJA,2294,25,0,0,2024,15496,15471,0,16566,32062
4,Caja de Compensación Familiar del Casanare: COMFACASANARE,10998,521,57,0,2024,74762,72862,1322,90961,165723
4,Caja de Compensación Familiar CAJACOPI BARRANQUILLA,4999,111,16,0,2024,64382,63266,989,82049,146431
5,Caja de Compensación Familiar COMFENALCO ANTIOQUIA,30843,9539,2486,3453,2024,445541,426287,3776,450914,896455
5,Caja de Compensación Familiar de Antioquia: COMFAMA,216948,46864,16864,29776,2024,1415044,1309667,11873,1313603,2728647
5,Caja de Compensación Familiar de Barranquilla: COMBARRANQUILLA,14540,1397,382,72,2024,179341,174970,2520,207070,386411
5,Caja de Compensación Familiar COMFAMILIAR Del Atlántico,20747,508,2040,0,2024,268706,263904,2254,320628,589334
5,Caja de Compensación Familiar de Fenalco: Andi COMFENALCO CARTAGENA,34733,687,484,82,2024,265786,261377,3156,298718,564504
5,Caja de Compensación Familiar de Cartagena y Bolivar COMFAMILIAR,5069,685,32,0,2024,52883,51330,836,67438,120321
5,Caja de Compensación Familiar de Boyacá: COMFABOY,27320,1455,932,4258,2024,201126,194218,263,248916,450042
5,Caja de Compensación Familiar de Caldas COMFAMILIARES,20706,1347,3768,60666,2024,234817,166799,2237,172351,407168
5,Caja de Compensación Familiar del Caquetá: COMFACA,4284,180,27,28,2024,33570,33335,0,43216,76786
5,Caja de Compensación Familiar del Cauca: COMFACAUCA,15736,2180,907,3657,2024,125827,117863,1220,183979,309806
5,Caja de Compensación Familiar del Cesar COMFACESAR,9479,488,105,0,2024,127589,125228,1768,183344,310933
5,Caja de Compensación Familiar de Córdoba COMFACOR,11759,426,122,0,2024,121956,121408,0,146563,268519
5,Caja de Compensación Familiar CAFAM,85788,141583,11273,17366,2024,852665,676284,6159,659936,1512601
5,Caja Colombiana de Subsidio Familiar: COLSUBSIDIO,158818,23101,13076,21230,2024,1566743,1491311,18025,1349386,2916129
5,Caja de Compensación Familiar COMPENSAR,198298,89927,40494,14688,2024,1502983,1340321,17553,1352691,2855674
5,Caja de Compensación Familiar de Cundinamarca: COMFACUNDI,2432,104,606,0,2024,44035,42264,1061,35878,79913
5,Caja de Compensación Familiar del Choco,3339,319,83,0,2024,23710,22996,312,43063,66773
5,Caja de Compensación Familiar de la Guajira: COMFAGUAJIRA,3776,295,123,0,2024,65851,64645,788,94351,160202
5,Caja de Compensación Familiar del Huila: COMFAMILIAR Huila,15656,1308,479,25053,2024,152818,123184,2794,195794,348612
5,Caja de Compensación Familiar del Magdalena,11187,428,204,470,2024,135156,131557,2497,201321,336477
5,Caja de Compensación Familiar Regional del Meta: COFREM,19662,1605,353,33720,2024,224610,185825,3107,224261,448871
5,Caja de Compensación Familiar de Nariño,11415,405,626,0,2024,116146,112604,2511,151744,267890
5,Caja de Compensación Familiar del Oriente Colombiano: COMFAORIENTE,8680,1262,128,650,2024,73701,71586,75,88794,162495
5,Caja de Compensación Familiar del Norte de Santander: COMFANORTE,15193,917,184,52010,2024,169699,116505,83,141365,311064
5,Caja de Compensación Familiar de Barrancabermeja: CAFABA,2111,16,7,0,2024,16378,16340,15,26085,42463
5,Caja Santandereana de Subsidio Familiar: CAJASAN,30129,2268,635,2078,2024,185922,178485,2456,215317,401239
5,Caja de Compensación Familiar COMFENALCO SANTANDER,33872,2829,1212,1850,2024,245704,239770,43,208107,453811
5,Caja de Compensación Familiar de Sucre,6223,335,50,1111,2024,59346,56470,1380,83593,142939
5,Caja de Compensación Familiar de Fenalco: COMFENALCO QUINDIO,14815,1690,1334,582,2024,107522,103915,1,85394,192916
5,Caja de Compensación Familiar de Risaralda: COMFAMILIAR RISARALDA,29688,2443,401,5257,2024,222206,214105,0,182137,404343
5,Caja de Compensación Familiar del Sur del Tolima CAFASUR,711,95,40,8,2024,5122,4979,0,6462,11584
5,Caja de Compensación Familiar del Tolima COMFATOLIMA,7895,1359,277,223,2024,58019,56160,0,50056,108075
5,Caja de Compensación Familiar de Fenalco del Tolima: COMFENALCO,13101,1080,505,39634,2024,174347,131715,1413,149818,324165
5,Caja de Compensación Familiar del Valle del Cauca: COMFENALCO VALLE,31988,9577,2451,3307,2024,318303,299382,3586,264043,582346
5,Caja de Compensación Familiar del Valle del Cauca COMFAMILIAR ANDI: COMFANDI,81178,12832,12639,577,2024,674939,648891,0,617428,1292367
5,Caja de Compensación Familiar del Putumayo: COMFAMILIAR Putumayo,3366,249,30,0,2024,28295,27659,357,35073,63368
5,Caja de Compensación Familiar de San Andrés y Providencia Islas: CAJASAI,1801,156,6,0,2024,15203,14707,334,16665,31868
5,Caja de Compensación Familiar del Amazonas: CAFAMAZ,1220,162,14,2,2024,6408,6166,64,11100,17508
5,Caja de Compensación Familiar de Arauca: COMFIAR,3016,254,5,0,2024,25728,24984,485,36245,61973
5,Caja de Compensación Familiar Campesina: COMCAJA,2260,24,0,0,2024,16829,16805,0,17387,34216
5,Caja de Compensación Familiar del Casanare: COMFACASANARE,11103,522,60,0,2024,74234,72233,1419,90519,164753
5,Caja de Compensación Familiar CAJACOPI BARRANQUILLA,4954,110,17,0,2024,63704,62955,622,80137,143841
6,Caja de Compensación Familiar COMFENALCO ANTIOQUIA,31203,9649,2536,3540,2024,443886,423979,4182,449779,893665
6,Caja de Compensación Familiar de Antioquia: COMFAMA,223376,47822,17209,35549,2024,1415435,1303805,11050,1306598,2722033
6,Caja de Compensación Familiar de Barranquilla: COMBARRANQUILLA,14583,1462,388,77,2024,178575,174172,2476,205244,383819
6,Caja de Compensación Familiar COMFAMILIAR Del Atlántico,20857,531,1803,295,2024,269240,264487,2124,320511,589751
6,Caja de Compensación Familiar de Fenalco: Andi COMFENALCO CARTAGENA,34828,630,440,82,2024,265914,261947,2815,299535,565449
6,Caja de Compensación Familiar de Cartagena y Bolivar COMFAMILIAR,5099,703,33,0,2024,53226,52134,356,68165,121391
6,Caja de Compensación Familiar de Boyacá: COMFABOY,27270,1468,953,4306,2024,199522,192592,203,247343,446865
6,Caja de Compensación Familiar de Caldas COMFAMILIARES,20606,1282,3793,61536,2024,234824,165913,2300,171331,406155
6,Caja de Compensación Familiar del Caquetá: COMFACA,4299,180,27,30,2024,33539,33302,0,42954,76493
6,Caja de Compensación Familiar del Cauca: COMFACAUCA,15887,2287,946,3677,2024,127385,119593,882,186229,313614
6,Caja de Compensación Familiar del Cesar COMFACESAR,9460,460,106,0,2024,127243,124411,2266,183299,310542
6,Caja de Compensación Familiar de Córdoba COMFACOR,11882,432,125,0,2024,123168,122611,0,147106,270274
6,Caja de Compensación Familiar CAFAM,85714,143087,11350,17413,2024,840432,663149,5433,651988,1492420
6,Caja Colombiana de Subsidio Familiar: COLSUBSIDIO,158758,22640,13099,21632,2024,1546788,1478997,10420,1337905,2884693
6,Caja de Compensación Familiar COMPENSAR,198178,90066,40694,14830,2024,1495033,1333741,15702,1341649,2836682
6,Caja de Compensación Familiar de Cundinamarca: COMFACUNDI,2405,106,624,0,2024,43549,42118,701,35434,78983
6,Caja de Compensación Familiar del Choco,3335,327,86,0,2024,24025,23304,308,43923,67948
6,Caja de Compensación Familiar de la Guajira: COMFAGUAJIRA,3792,299,125,0,2024,66655,65438,793,95797,162452
6,Caja de Compensación Familiar del Huila: COMFAMILIAR Huila,15639,1313,486,25516,2024,152916,123290,2311,195408,348324
6,Caja de Compensación Familiar del Magdalena,10909,431,168,476,2024,137341,134699,1567,201163,338504
6,Caja de Compensación Familiar Regional del Meta: COFREM,19398,1598,359,34905,2024,225396,185363,3171,222849,448245
6,Caja de Compensación Familiar de Nariño,11477,428,639,0,2024,116665,113466,2132,153356,270021
6,Caja de Compensación Familiar del Oriente Colombiano: COMFAORIENTE,8718,1250,127,647,2024,72228,69860,344,87891,160119
6,Caja de Compensación Familiar del Norte de Santander: COMFANORTE,15393,947,193,54436,2024,169693,113748,369,142014,311707
6,Caja de Compensación Familiar de Barrancabermeja: CAFABA,2062,24,7,0,2024,24333,24271,31,26086,50419
6,Caja Santandereana de Subsidio Familiar: CAJASAN,30260,2298,638,2093,2024,184080,176987,2064,213062,397142
6,Caja de Compensación Familiar COMFENALCO SANTANDER,33911,2850,1227,1865,2024,245527,239511,74,209173,454700
6,Caja de Compensación Familiar de Sucre,6079,334,50,247,2024,56880,56249,0,81800,138680
6,Caja de Compensación Familiar de Fenalco: COMFENALCO QUINDIO,14764,1685,1342,595,2024,106886,103260,4,84537,191423
6,Caja de Compensación Familiar de Risaralda: COMFAMILIAR RISARALDA,29673,2476,404,5151,2024,216182,208151,0,173047,389229
6,Caja de Compensación Familiar del Sur del Tolima CAFASUR,720,99,40,8,2024,5126,4979,0,6490,11616
6,Caja de Compensación Familiar del Tolima COMFATOLIMA,7952,1377,272,225,2024,58744,56870,0,50025,108769
6,Caja de Compensación Familiar de Fenalco del Tolima: COMFENALCO,13269,1092,527,39699,2024,174613,132029,1266,150153,324766
6,Caja de Compensación Familiar del Valle del Cauca: COMFENALCO VALLE,32409,9864,2472,3324,2024,317470,298694,3116,263059,580529
6,Caja de Compensación Familiar del Valle del Cauca COMFAMILIAR ANDI: COMFANDI,81264,13034,12742,565,2024,675314,648973,0,617628,1292942
6,Caja de Compensación Familiar del Putumayo: COMFAMILIAR Putumayo,3405,253,31,0,2024,28334,27748,302,35445,63779
6,Caja de Compensación Familiar de San Andrés y Providencia Islas: CAJASAI,1787,113,0,0,2024,15073,14960,0,16507,31580
6,Caja de Compensación Familiar del Amazonas: CAFAMAZ,1233,162,17,2,2024,6586,6343,62,11364,17950
6,Caja de Compensación Familiar de Arauca: COMFIAR,2924,193,5,0,2024,25846,25359,289,36258,62104
6,Caja de Compensación Familiar Campesina: COMCAJA,2264,24,0,0,2024,16768,16744,0,17389,34157
6,Caja de Compensación Familiar del Casanare: COMFACASANARE,11177,525,61,0,2024,74715,72984,1145,91015,165730
6,Caja de Compensación Familiar CAJACOPI BARRANQUILLA,4950,109,17,0,2024,63509,62954,429,79394,142903
7,Caja de Compensación Familiar COMFENALCO ANTIOQUIA,31865,9792,2588,4042,2024,445294,424880,3992,452502,897796
7,Caja de Compensación Familiar de Antioquia: COMFAMA,229431,51927,17634,35916,2024,1422239,1305207,11555,1303191,2725430
7,Caja de Compensación Familiar de Barranquilla: COMBARRANQUILLA,14666,1449,395,81,2024,179516,175119,2472,205992,385508
7,Caja de Compensación Familiar COMFAMILIAR Del Atlántico,21051,556,2110,0,2024,270309,265334,2309,320998,591307
7,Caja de Compensación Familiar de Fenalco: Andi COMFENALCO CARTAGENA,35290,673,474,82,2024,268896,264025,3642,303445,572341
7,Caja de Compensación Familiar de Cartagena y Bolivar COMFAMILIAR,5156,626,33,0,2024,53506,52514,333,68365,121871
7,Caja de Compensación Familiar de Boyacá: COMFABOY,27692,1534,990,4344,2024,198580,191449,263,246645,445225
7,Caja de Compensación Familiar de Caldas COMFAMILIARES,20638,1334,3862,11225,2024,187131,168276,2434,178231,365362
7,Caja de Compensación Familiar del Caquetá: COMFACA,4313,184,27,35,2024,33657,33411,0,43150,76807
7,Caja de Compensación Familiar del Cauca: COMFACAUCA,15979,2283,953,3687,2024,126860,118752,1185,185600,312460
7,Caja de Compensación Familiar del Cesar COMFACESAR,9557,488,108,4,2024,127682,125119,1963,183583,311265
7,Caja de Compensación Familiar de Córdoba COMFACOR,12033,439,129,0,2024,123589,123020,1,147451,271040
7,Caja de Compensación Familiar CAFAM,86154,143301,11457,17513,2024,838745,658692,7782,649824,1488569
7,Caja Colombiana de Subsidio Familiar: COLSUBSIDIO,159636,22576,13119,22319,2024,1546351,1477986,10351,1309993,2856344
7,Caja de Compensación Familiar COMPENSAR,198909,90561,42311,15007,2024,1508635,1343465,17291,1344938,2853573
7,Caja de Compensación Familiar de Cundinamarca: COMFACUNDI,2433,107,632,0,2024,44294,41913,1642,37521,81815
7,Caja de Compensación Familiar del Choco,3371,326,84,0,2024,24102,23445,247,43584,67686
7,Caja de Compensación Familiar de la Guajira: COMFAGUAJIRA,3837,320,127,0,2024,67513,66207,859,96739,164252
7,Caja de Compensación Familiar del Huila: COMFAMILIAR Huila,15718,1285,481,25934,2024,152868,121818,3350,196095,348963
7,Caja de Compensación Familiar del Magdalena,11031,416,155,482,2024,136983,133953,1977,194732,331715
7,Caja de Compensación Familiar Regional del Meta: COFREM,19572,1663,370,33940,2024,227179,188034,3172,227212,454391
7,Caja de Compensación Familiar de Nariño,11672,468,664,0,2024,116803,113257,2414,153737,270540
7,Caja de Compensación Familiar del Oriente Colombiano: COMFAORIENTE,8796,1275,131,649,2024,73161,71065,41,88558,161719
7,Caja de Compensación Familiar del Norte de Santander: COMFANORTE,15627,974,202,51214,2024,166280,113751,139,136405,302685
7,Caja de Compensación Familiar de Barrancabermeja: CAFABA,2088,23,6,0,2024,23927,23876,22,25374,49301
7,Caja Santandereana de Subsidio Familiar: CAJASAN,30422,2319,638,2093,2024,184574,177393,2131,212891,397465
7,Caja de Compensación Familiar COMFENALCO SANTANDER,34138,2903,1247,2339,2024,248105,241603,13,210157,458262
7,Caja de Compensación Familiar de Sucre,5868,295,50,678,2024,58750,57167,560,83860,142610
7,Caja de Compensación Familiar de Fenalco: COMFENALCO QUINDIO,14839,1724,1358,626,2024,106821,103109,4,84360,191181
7,Caja de Compensación Familiar de Risaralda: COMFAMILIAR RISARALDA,30236,2546,418,5214,2024,214902,206724,0,172573,387475
7,Caja de Compensación Familiar del Sur del Tolima CAFASUR,732,99,44,7,2024,5015,4865,0,6382,11397
7,Caja de Compensación Familiar del Tolima COMFATOLIMA,8056,1401,281,232,2024,59374,57460,0,50422,109796
7,Caja de Compensación Familiar de Fenalco del Tolima: COMFENALCO,13259,1135,538,40306,2024,174586,131037,1570,149148,323734
7,Caja de Compensación Familiar del Valle del Cauca: COMFENALCO VALLE,32770,10292,2500,3327,2024,318405,298028,4258,264182,582587
7,Caja de Compensación Familiar del Valle del Cauca COMFAMILIAR ANDI: COMFANDI,81960,13326,12864,381,2024,670722,644151,0,614097,1284819
7,Caja de Compensación Familiar del Putumayo: COMFAMILIAR Putumayo,3427,259,31,0,2024,28682,27954,438,32992,61674
7,Caja de Compensación Familiar de San Andrés y Providencia Islas: CAJASAI,1779,153,16,0,2024,15271,14719,383,16711,31982
7,Caja de Compensación Familiar del Amazonas: CAFAMAZ,1247,163,19,2,2024,6614,6369,61,11374,17988
7,Caja de Compensación Familiar de Arauca: COMFIAR,2956,223,5,0,2024,25938,25394,316,36506,62444
7,Caja de Compensación Familiar Campesina: COMCAJA,2326,24,0,0,2024,17355,17331,0,18018,35373
7,Caja de Compensación Familiar del Casanare: COMFACASANARE,11406,529,63,0,2024,76047,74115,1340,92680,168727
7,Caja de Compensación Familiar CAJACOPI BARRANQUILLA,4957,103,14,0,2024,62952,62428,407,87776,150728
8,Caja de Compensación Familiar COMFENALCO ANTIOQUIA,33442,9912,2649,4290,2024,449152,428194,4107,454966,904118
8,Caja de Compensación Familiar de Antioquia: COMFAMA,231394,52975,17856,36288,2024,1429403,1311016,11268,1306330,2735733
8,Caja de Compensación Familiar de Barranquilla: COMBARRANQUILLA,13692,561,285,83,2024,178155,174344,2882,204492,382647
8,Caja de Compensación Familiar COMFAMILIAR Del Atlántico,21116,569,2135,0,2024,271824,266800,2320,321216,593040
8,Caja de Compensación Familiar de Fenalco: Andi COMFENALCO CARTAGENA,35663,681,515,81,2024,270762,264437,5048,306956,577718
8,Caja de Compensación Familiar de Cartagena y Bolivar COMFAMILIAR,5090,647,33,0,2024,53161,51854,627,69186,122347
8,Caja de Compensación Familiar de Boyacá: COMFABOY,27729,1598,1028,4394,2024,194341,187108,213,245853,440194
8,Caja de Compensación Familiar de Caldas COMFAMILIARES,20772,1297,3904,10379,2024,186170,167652,2938,177833,364003
8,Caja de Compensación Familiar del Caquetá: COMFACA,4299,182,27,35,2024,33879,33635,0,43260,77139
8,Caja de Compensación Familiar del Cauca: COMFACAUCA,16062,2165,961,3709,2024,128305,120317,1153,186913,315218
8,Caja de Compensación Familiar del Cesar COMFACESAR,9608,499,109,6,2024,127931,125487,1830,183841,311772
8,Caja de Compensación Familiar de Córdoba COMFACOR,12202,459,132,0,2024,125379,124788,0,148896,274275
8,Caja de Compensación Familiar CAFAM,87325,145440,11550,18435,2024,839875,658404,6046,644463,1484338
8,Caja Colombiana de Subsidio Familiar: COLSUBSIDIO,159638,22629,13132,22567,2024,1535833,1457536,19969,1281183,2817016
8,Caja de Compensación Familiar COMPENSAR,200337,91181,42381,15166,2024,1510719,1347689,14302,1344578,2855297
8,Caja de Compensación Familiar de Cundinamarca: COMFACUNDI,2408,109,639,0,2024,43837,42450,639,36593,80430
8,Caja de Compensación Familiar del Choco,3400,339,84,0,2024,24245,23632,190,43959,68204
8,Caja de Compensación Familiar de la Guajira: COMFAGUAJIRA,3829,331,126,0,2024,67333,65971,905,97344,164677
8,Caja de Compensación Familiar del Huila: COMFAMILIAR Huila,15834,1340,498,25819,2024,154041,123659,2725,197142,351183
8,Caja de Compensación Familiar del Magdalena,11086,418,158,484,2024,138194,134714,2420,196147,334341
8,Caja de Compensación Familiar Regional del Meta: COFREM,19635,1733,381,33497,2024,229124,190252,3261,228824,457948
8,Caja de Compensación Familiar de Nariño,11618,504,684,0,2024,117130,113666,2276,156244,273374
8,Caja de Compensación Familiar del Oriente Colombiano: COMFAORIENTE,8856,1312,132,653,2024,73702,71465,140,89634,163336
8,Caja de Compensación Familiar del Norte de Santander: COMFANORTE,15453,976,179,52244,2024,165564,112049,116,136752,302316
8,Caja de Compensación Familiar de Barrancabermeja: CAFABA,2132,25,6,0,2024,24222,24147,44,25988,50210
8,Caja Santandereana de Subsidio Familiar: CAJASAN,30570,2349,644,2099,2024,183225,176251,1882,210365,393590
8,Caja de Compensación Familiar COMFENALCO SANTANDER,34231,2964,1279,2398,2024,246936,240255,40,210094,457030
8,Caja de Compensación Familiar de Sucre,5729,0,0,1111,2024,57784,56443,230,83586,141370
8,Caja de Compensación Familiar de Fenalco: COMFENALCO QUINDIO,14853,1745,1383,642,2024,107379,103607,2,84710,192089
8,Caja de Compensación Familiar de Risaralda: COMFAMILIAR RISARALDA,30529,2657,441,5271,2024,215601,207232,0,172409,388010
8,Caja de Compensación Familiar del Sur del Tolima CAFASUR,735,99,44,7,2024,4989,4839,0,6126,11115
8,Caja de Compensación Familiar del Tolima COMFATOLIMA,8159,1430,283,237,2024,59947,57997,0,50745,110692
8,Caja de Compensación Familiar de Fenalco del Tolima: COMFENALCO,13332,1155,558,925,2024,135717,131455,1624,149370,285087
8,Caja de Compensación Familiar del Valle del Cauca: COMFENALCO VALLE,32865,10187,2524,3325,2024,318630,299198,3396,263356,581986
8,Caja de Compensación Familiar del Valle del Cauca COMFAMILIAR ANDI: COMFANDI,75305,13467,12979,80,2024,674849,643075,5248,616469,1291318
8,Caja de Compensación Familiar del Putumayo: COMFAMILIAR Putumayo,3481,260,31,0,2024,29099,28449,359,33529,62628
8,Caja de Compensación Familiar de San Andrés y Providencia Islas: CAJASAI,1761,154,13,0,2024,15357,14683,507,16976,32333
8,Caja de Compensación Familiar del Amazonas: CAFAMAZ,1316,187,19,2,2024,6530,6259,63,11366,17896
8,Caja de Compensación Familiar de Arauca: COMFIAR,2943,236,4,0,2024,25474,24906,328,36224,61698
8,Caja de Compensación Familiar Campesina: COMCAJA,2350,25,0,0,2024,17659,17634,0,18208,35867
8,Caja de Compensación Familiar del Casanare: COMFACASANARE,11473,554,67,0,2024,77557,75587,1349,94435,171992
8,Caja de Compensación Familiar CAJACOPI BARRANQUILLA,4977,105,12,0,2024,63535,62865,553,87879,151414
9,Caja de Compensación Familiar COMFENALCO ANTIOQUIA,21889,10144,2688,4464,2024,452806,431255,4255,455728,908534
9,Caja de Compensación Familiar de Antioquia: COMFAMA,122404,56439,18311,36774,2024,1437786,1317039,9223,1299316,2737102
9,Caja de Compensación Familiar de Barranquilla: COMBARRANQUILLA,12587,583,303,89,2024,177671,174243,2453,203270,380941
9,Caja de Compensación Familiar COMFAMILIAR Del Atlántico,17990,582,2159,,2024,274016,269015,2260,322447,596463
9,Caja de Compensación Familiar de Fenalco: Andi COMFENALCO CARTAGENA,32440,790,528,82,2024,270806,266025,3381,306142,576948
9,Caja de Compensación Familiar de Cartagena y Bolivar COMFAMILIAR,3772,648,35,,2024,52695,51628,384,68767,121462
9,Caja de Compensación Familiar de Boyacá: COMFABOY,18115,1701,1029,4470,2024,198488,191076,212,246325,444813
9,Caja de Compensación Familiar de Caldas COMFAMILIARES,14381,1369,3955,9833,2024,188564,168849,4558,180672,369236
9,Caja de Compensación Familiar del Caquetá: COMFACA,3998,181,28,38,2024,34058,33811,,43242,77300
9,Caja de Compensación Familiar del Cauca: COMFACAUCA,8495,2415,987,3728,2024,128860,120953,777,187438,316298
9,Caja de Compensación Familiar del Cesar COMFACESAR,8917,498,107,6,2024,128170,126118,1441,183856,312026
9,Caja de Compensación Familiar de Córdoba COMFACOR,11418,473,137,,2024,125406,124796,,148964,274370
9,Caja de Compensación Familiar CAFAM,40907,145335,11647,20021,2024,846728,662834,6891,645237,1491965
9,Caja Colombiana de Subsidio Familiar: COLSUBSIDIO,96835,23056,13202,22801,2024,1531836,1462816,9961,1277809,2809645
9,Caja de Compensación Familiar COMPENSAR,106286,91806,43143,15344,2024,1513306,1349649,13364,1341695,2855001
9,Caja de Compensación Familiar de Cundinamarca: COMFACUNDI,1609,113,620,33,2024,44039,42442,831,37149,81188
9,Caja de Compensación Familiar del Choco,2761,343,84,,2024,24774,24100,247,43640,68414
9,Caja de Compensación Familiar de la Guajira: COMFAGUAJIRA,3606,364,126,,2024,68080,66974,616,98197,166277
9,Caja de Compensación Familiar del Huila: COMFAMILIAR Huila,12270,1396,495,25112,2024,154279,124958,2318,196836,351115
9,Caja de Compensación Familiar del Magdalena,10042,439,170,490,2024,138322,134780,2443,196471,334793
9,Caja de Compensación Familiar Regional del Meta: COFREM,15419,1724,374,33235,2024,229683,191686,2664,230242,459925
9,Caja de Compensación Familiar de Nariño,9884,598,698,,2024,117170,113901,1973,156233,273403
9,Caja de Compensación Familiar del Oriente Colombiano: COMFAORIENTE,7455,1307,135,657,2024,73739,71588,52,90088,163827
9,Caja de Compensación Familiar del Norte de Santander: COMFANORTE,12460,942,166,51176,2024,165223,112774,165,130443,295666
9,Caja de Compensación Familiar de Barrancabermeja: CAFABA,2015,27,,,2024,24564,24516,21,25633,50197
9,Caja Santandereana de Subsidio Familiar: CAJASAN,25246,2392,637,2084,2024,181183,174011,2059,208654,389837
9,Caja de Compensación Familiar COMFENALCO SANTANDER,31566,3111,1323,2411,2024,245880,238981,54,211327,457207
9,Caja de Compensación Familiar de Sucre,5521,,,560,2024,57908,57348,,85034,142942
9,Caja de Compensación Familiar de Fenalco: COMFENALCO QUINDIO,11617,1757,1415,659,2024,107780,103940,9,84846,192626
9,Caja de Compensación Familiar de Risaralda: COMFAMILIAR RISARALDA,27063,2747,463,5332,2024,215556,207014,,171272,386828
9,Caja de Compensación Familiar del Sur del Tolima CAFASUR,558,98,43,7,2024,4789,4641,,5930,10719
9,Caja de Compensación Familiar del Tolima COMFATOLIMA,6492,1451,291,244,2024,60379,58393,,50911,111290
9,Caja de Compensación Familiar de Fenalco del Tolima: COMFENALCO,10700,1208,592,1019,2024,136766,132468,1479,149998,286764
9,Caja de Compensación Familiar del Valle del Cauca: COMFENALCO VALLE,15304,10550,2530,3321,2024,320675,300931,3343,264098,584773
9,Caja de Compensación Familiar del Valle del Cauca COMFAMILIAR ANDI: COMFANDI,57325,13677,13156,565,2024,676524,644073,5053,610215,1286739
9,Caja de Compensación Familiar del Putumayo: COMFAMILIAR Putumayo,2806,208,31,,2024,28495,27574,682,33500,61995
9,Caja de Compensación Familiar de San Andrés y Providencia Islas: CAJASAI,1566,155,17,,2024,15419,14838,409,16378,31797
9,Caja de Compensación Familiar del Amazonas: CAFAMAZ,998,203,19,2,2024,6579,6300,55,11366,17945
9,Caja de Compensación Familiar de Arauca: COMFIAR,2376,237,5,,2024,24377,23690,445,35656,60033
9,Caja de Compensación Familiar Campesina: COMCAJA,2348,25,,,2024,18065,18040,,18465,36530
9,Caja de Compensación Familiar del Casanare: COMFACASANARE,10103,556,71,,2024,76337,74147,1563,93700,170037
9,Caja de Compensación Familiar CAJACOPI BARRANQUILLA,4664,110,14,,2024,63946,63452,370,87725,151671
10,Caja de Compensación Familiar COMFENALCO ANTIOQUIA,22103,10407,2746,4581,2024,456955,435744,3477,457597,914552
10,Caja de Compensación Familiar de Antioquia: COMFAMA,122751,59228,18635,37121,2024,1450145,1325988,9173,1301225,2751370
10,Caja de Compensación Familiar de Barranquilla: COMBARRANQUILLA,12601,566,309,92,2024,178337,175163,2207,202660,380997
10,Caja de Compensación Familiar COMFAMILIAR Del Atlántico,18065,607,1817,363,2024,275675,270653,2235,323304,598979
10,Caja de Compensación Familiar de Fenalco: Andi COMFENALCO CARTAGENA,32612,772,563,84,2024,271723,266966,3338,308974,580697
10,Caja de Compensación Familiar de Cartagena y Bolivar COMFAMILIAR,3798,661,31,,2024,52559,51429,438,67708,120267
10,Caja de Compensación Familiar de Boyacá: COMFABOY,18235,1724,1027,4514,2024,198768,191214,289,246820,445588
10,Caja de Compensación Familiar de Caldas COMFAMILIARES,14445,1467,4055,9287,2024,189668,169722,5137,181630,371298
10,Caja de Compensación Familiar del Caquetá: COMFACA,3992,181,29,41,2024,34460,34209,,43442,77902
10,Caja de Compensación Familiar del Cauca: COMFACAUCA,8571,2305,970,3745,2024,130426,122580,826,189148,319574
10,Caja de Compensación Familiar del Cesar COMFACESAR,8874,500,114,10,2024,127380,125096,1660,183300,310680
10,Caja de Compensación Familiar de Córdoba COMFACOR,11555,491,148,,2024,127054,126415,,150594,277648
10,Caja de Compensación Familiar CAFAM,41052,145757,11694,21385,2024,851135,666705,5594,642667,1493802
10,Caja Colombiana de Subsidio Familiar: COLSUBSIDIO,95720,23446,13328,23061,2024,1538386,1466013,12538,1273556,2811942
10,Caja de Compensación Familiar COMPENSAR,106269,93119,44985,15513,2024,1531591,1365269,12705,1342739,2874330
10,Caja de Compensación Familiar de Cundinamarca: COMFACUNDI,1612,111,488,167,2024,42745,40634,1345,36177,78922
10,Caja de Compensación Familiar del Choco,2802,349,84,,2024,25336,24766,137,44722,70058
10,Caja de Compensación Familiar de la Guajira: COMFAGUAJIRA,3552,366,127,,2024,68803,67801,509,98890,167693
10,Caja de Compensación Familiar del Huila: COMFAMILIAR Huila,12289,1409,498,25073,2024,155180,125497,2703,197492,352672
10,Caja de Compensación Familiar del Magdalena,10185,459,178,492,2024,139647,136556,1962,196368,336015
10,Caja de Compensación Familiar Regional del Meta: COFREM,15568,1605,370,33253,2024,229606,191429,2949,230792,460398
10,Caja de Compensación Familiar de Nariño,10037,646,717,,2024,117766,114525,1878,154781,272547
10,Caja de Compensación Familiar del Oriente Colombiano: COMFAORIENTE,7510,1355,142,659,2024,73310,71066,88,85074,158384
10,Caja de Compensación Familiar del Norte de Santander: COMFANORTE,12443,900,168,49105,2024,164003,113730,100,129032,293035
10,Caja de Compensación Familiar de Barrancabermeja: CAFABA,2043,27,5,,2024,24836,24730,74,26019,50855
10,Caja Santandereana de Subsidio Familiar: CAJASAN,25452,2422,647,2115,2024,181516,174457,1875,208681,390197
10,Caja de Compensación Familiar COMFENALCO SANTANDER,31664,3168,1334,2496,2024,247396,240350,48,210237,457633
10,Caja de Compensación Familiar de Sucre,5492,327,50,632,2024,59722,58285,428,88856,148578
10,Caja de Compensación Familiar de Fenalco: COMFENALCO QUINDIO,11427,1791,1423,677,2024,108829,104932,6,85208,194037
10,Caja de Compensación Familiar de Risaralda: COMFAMILIAR RISARALDA,27249,2772,466,5391,2024,216344,207715,,170265,386609
10,Caja de Compensación Familiar del Sur del Tolima CAFASUR,564,91,45,7,2024,4751,4608,,5947,10698
10,Caja de Compensación Familiar del Tolima COMFATOLIMA,6518,1488,298,248,2024,61036,59002,,51250,112286
10,Caja de Compensación Familiar de Fenalco del Tolima: COMFENALCO,10759,1220,605,1102,2024,136555,133424,204,147982,284537
10,Caja de Compensación Familiar del Valle del Cauca: COMFENALCO VALLE,15544,10886,2520,3316,2024,322943,302714,3507,263734,586677
10,Caja de Compensación Familiar del Valle del Cauca COMFAMILIAR ANDI: COMFANDI,57143,13955,13307,607,2024,666047,633347,4831,608795,1274842
10,Caja de Compensación Familiar del Putumayo: COMFAMILIAR Putumayo,2844,213,31,,2024,28982,28401,337,33663,62645
10,Caja de Compensación Familiar de San Andrés y Providencia Islas: CAJASAI,1590,158,13,,2024,15558,15065,322,16378,31936
10,Caja de Compensación Familiar del Amazonas: CAFAMAZ,1007,224,14,2,2024,6870,6567,63,11772,18642
10,Caja de Compensación Familiar de Arauca: COMFIAR,2325,250,7,,2024,24518,23753,508,35969,60487
10,Caja de Compensación Familiar Campesina: COMCAJA,2381,26,,,2024,18094,18068,,18096,36190
10,Caja de Compensación Familiar del Casanare: COMFACASANARE,10204,578,74,,2024,79487,77710,1125,96605,176092
10,Caja de Compensación Familiar CAJACOPI BARRANQUILLA,4632,110,15,,2024,64253,63777,351,87654,151907
11,Caja de Compensación Familiar COMFENALCO ANTIOQUIA,22380,10203,2769,4613,2024,460088,439039,3464,446152,906240
11,Caja de Compensación Familiar de Antioquia: COMFAMA,123116,59967,18647,37527,2024,1447493,1320531,10821,1296600,2744093
11,Caja de Compensación Familiar de Barranquilla: COMBARRANQUILLA,12578,556,320,91,2024,178444,175333,2144,201911,380355
11,Caja de Compensación Familiar COMFAMILIAR Del Atlántico,18114,613,1801,386,2024,276288,271254,2234,322778,599066
11,Caja de Compensación Familiar de Fenalco: Andi COMFENALCO CARTAGENA,32738,883,609,84,2024,271197,266325,3296,308419,579616
11,Caja de Compensación Familiar de Cartagena y Bolivar COMFAMILIAR,3784,681,32,,2024,52867,51713,441,68120,120987
11,Caja de Compensación Familiar de Boyacá: COMFABOY,18271,1723,1057,4570,2024,200568,193033,185,247500,448068
11,Caja de Compensación Familiar de Caldas COMFAMILIARES,14406,1461,4047,8954,2024,186253,169799,1992,173115,359368
11,Caja de Compensación Familiar del Caquetá: COMFACA,3984,179,27,43,2024,34532,34283,,43467,77999
11,Caja de Compensación Familiar del Cauca: COMFACAUCA,8597,3139,965,3770,2024,131130,122277,979,189305,320435
11,Caja de Compensación Familiar del Cesar COMFACESAR,8929,516,114,11,2024,127220,124811,1768,182760,309980
11,Caja de Compensación Familiar de Córdoba COMFACOR,11427,537,216,1,2024,126727,124788,1185,147481,274208
11,Caja de Compensación Familiar CAFAM,41134,145424,11796,23525,2024,828623,643983,3895,633337,1461960
11,Caja Colombiana de Subsidio Familiar: COLSUBSIDIO,95619,23591,13305,23431,2024,1556859,1488133,8399,1279113,2835972
11,Caja de Compensación Familiar COMPENSAR,105358,93573,45798,15631,2024,1512309,1339791,17516,1313889,2826198
11,Caja de Compensación Familiar de Cundinamarca: COMFACUNDI,1614,106,498,171,2024,41876,40458,643,34777,76653
11,Caja de Compensación Familiar del Choco,2827,354,82,,2024,25321,24623,262,44570,69891
11,Caja de Compensación Familiar de la Guajira: COMFAGUAJIRA,3546,360,129,,2024,68225,66626,1110,99559,167784
11,Caja de Compensación Familiar del Huila: COMFAMILIAR Huila,12332,1430,509,25358,2024,152850,121979,3574,195788,348638
11,Caja de Compensación Familiar del Magdalena,10214,470,189,495,2024,138348,135232,1962,195299,333647
11,Caja de Compensación Familiar Regional del Meta: COFREM,15625,1637,353,33666,2024,229471,190941,2874,229889,459360
11,Caja de Compensación Familiar de Nariño,10186,650,724,,2024,117447,114024,2049,155696,273143
11,Caja de Compensación Familiar del Oriente Colombiano: COMFAORIENTE,7573,1402,143,658,2024,72989,70737,49,88639,161628
11,Caja de Compensación Familiar del Norte de Santander: COMFANORTE,12390,890,170,47789,2024,161891,112928,114,128079,289970
11,Caja de Compensación Familiar de Barrancabermeja: CAFABA,2044,27,5,,2024,25261,25169,60,26608,51869
11,Caja Santandereana de Subsidio Familiar: CAJASAN,25588,2466,659,2136,2024,178894,171957,1676,206995,385889
11,Caja de Compensación Familiar COMFENALCO SANTANDER,31675,3193,1363,2504,2024,247189,239982,147,209233,456422
11,Caja de Compensación Familiar de Sucre,5549,329,51,937,2024,60952,58741,894,86352,147304
11,Caja de Compensación Familiar de Fenalco: COMFENALCO QUINDIO,11670,1828,1435,683,2024,109133,105186,1,84861,193994
11,Caja de Compensación Familiar de Risaralda: COMFAMILIAR RISARALDA,27422,2844,480,5426,2024,216352,207602,,168861,385213
11,Caja de Compensación Familiar del Sur del Tolima CAFASUR,558,93,47,7,2024,4717,4570,,5858,10575
11,Caja de Compensación Familiar del Tolima COMFATOLIMA,6568,1521,307,247,2024,61279,59204,,51099,112378
11,Caja de Compensación Familiar de Fenalco del Tolima: COMFENALCO,10759,1218,600,1119,2024,138381,133583,1861,150292,288673
11,Caja de Compensación Familiar del Valle del Cauca: COMFENALCO VALLE,15634,11123,2501,3321,2024,323878,303482,3451,264991,588869
11,Caja de Compensación Familiar del Valle del Cauca COMFAMILIAR ANDI: COMFANDI,57662,14162,13448,544,2024,670609,638282,4173,610296,1280905
11,Caja de Compensación Familiar del Putumayo: COMFAMILIAR Putumayo,2891,196,32,,2024,29178,28445,505,34055,63233
11,Caja de Compensación Familiar de San Andrés y Providencia Islas: CAJASAI,1597,158,13,,2024,15766,15194,401,16980,32746
11,Caja de Compensación Familiar del Amazonas: CAFAMAZ,912,219,14,2,2024,6552,6237,80,11496,18048
11,Caja de Compensación Familiar de Arauca: COMFIAR,2320,251,7,,2024,24399,23191,950,35994,60393
11,Caja de Compensación Familiar Campesina: COMCAJA,2384,25,,,2024,18415,18390,,18592,37007
11,Caja de Compensación Familiar del Casanare: COMFACASANARE,10328,554,74,,2024,78131,75861,1642,95969,174100
11,Caja de Compensación Familiar CAJACOPI BARRANQUILLA,4653,108,13,,2024,63497,62732,644,86978,150475
12,Caja de Compensación Familiar COMFENALCO ANTIOQUIA,22064,9999,2787,4638,2024,450492,425539,7529,439796,890288
12,Caja de Compensación Familiar de Antioquia: COMFAMA,123208,61415,18721,37796,2024,1428284,1289361,20991,1280112,2708396
12,Caja de Compensación Familiar de Barranquilla: COMBARRANQUILLA,12529,463,309,98,2024,175969,172370,2729,199071,375040
12,Caja de Compensación Familiar COMFAMILIAR Del Atlántico,18164,665,1815,391,2024,274682,268410,3401,320383,595065
12,Caja de Compensación Familiar de Fenalco: Andi COMFENALCO CARTAGENA,32845,689,553,83,2024,268060,261724,5011,306627,574687
12,Caja de Compensación Familiar de Cartagena y Bolivar COMFAMILIAR,3806,662,14,,2024,49933,48208,1049,65116,115049
12,Caja de Compensación Familiar de Boyacá: COMFABOY,18293,1757,1077,4598,2024,200617,192978,207,246880,447497
12,Caja de Compensación Familiar de Caldas COMFAMILIARES,14201,1413,3881,8205,2024,183720,168133,2088,174381,358101
12,Caja de Compensación Familiar del Caquetá: COMFACA,3979,177,30,45,2024,32845,32593,,42069,74914
12,Caja de Compensación Familiar del Cauca: COMFACAUCA,8604,3005,973,3775,2024,130299,119994,2552,188211,318510
12,Caja de Compensación Familiar del Cesar COMFACESAR,9048,516,114,12,2024,124475,120757,3076,180400,304875
12,Caja de Compensación Familiar de Córdoba COMFACOR,11345,548,219,1,2024,127943,126083,1092,146927,274870
12,Caja de Compensación Familiar CAFAM,41116,54844,11860,30519,2024,731959,626121,8615,598215,1330174
12,Caja Colombiana de Subsidio Familiar: COLSUBSIDIO,95012,106982,13204,23560,2024,1631002,1472211,15045,1270722,2901724
12,Caja de Compensación Familiar COMPENSAR,106008,93684,46689,15152,2024,1484481,1311344,17612,1284473,2768954
12,Caja de Compensación Familiar de Cundinamarca: COMFACUNDI,1642,110,497,171,2024,40646,38730,1138,34400,75046
12,Caja de Compensación Familiar del Choco,2725,280,76,,2024,24326,23672,298,42092,66418
12,Caja de Compensación Familiar de la Guajira: COMFAGUAJIRA,3525,322,128,,2024,62742,58654,3638,96244,158986
12,Caja de Compensación Familiar del Huila: COMFAMILIAR Huila,12386,1388,506,27434,2024,153522,120847,3347,182857,336379
12,Caja de Compensación Familiar del Magdalena,9896,443,193,498,2024,135272,130382,3756,189203,324475
12,Caja de Compensación Familiar Regional del Meta: COFREM,15375,1659,352,34481,2024,228374,182904,8978,220243,448617
12,Caja de Compensación Familiar de Nariño,10135,635,735,,2024,114716,109344,4002,155540,270256
12,Caja de Compensación Familiar del Oriente Colombiano: COMFAORIENTE,7624,1366,144,658,2024,70131,67886,77,84789,154920
12,Caja de Compensación Familiar del Norte de Santander: COMFANORTE,12479,916,174,44701,2024,156918,111055,72,125238,282156
12,Caja de Compensación Familiar de Barrancabermeja: CAFABA,2055,30,4,,2024,24961,24501,426,27004,51965
12,Caja Santandereana de Subsidio Familiar: CAJASAN,25673,2525,670,3136,2024,180845,169922,4592,206938,387783
12,Caja de Compensación Familiar COMFENALCO SANTANDER,31678,3229,1388,2531,2024,245441,238193,100,207060,452501
12,Caja de Compensación Familiar de Sucre,5320,311,49,971,2024,59189,56137,1721,87094,146283
12,Caja de Compensación Familiar de Fenalco: COMFENALCO QUINDIO,11540,1827,1432,691,2024,108039,104085,4,82356,190395
12,Caja de Compensación Familiar de Risaralda: COMFAMILIAR RISARALDA,27558,2937,495,5471,2024,216294,207391,,167994,384288
12,Caja de Compensación Familiar del Sur del Tolima CAFASUR,562,84,47,7,2024,4603,4465,,5765,10368
12,Caja de Compensación Familiar del Tolima COMFATOLIMA,6621,1536,312,247,2024,60990,58895,,50246,111236
12,Caja de Compensación Familiar de Fenalco del Tolima: COMFENALCO,10786,1169,599,1176,2024,133357,129903,510,144161,277518
12,Caja de Compensación Familiar del Valle del Cauca: COMFENALCO VALLE,15597,10780,2504,3326,2024,318371,297189,4572,261945,580316
12,Caja de Compensación Familiar del Valle del Cauca COMFAMILIAR ANDI: COMFANDI,57072,14133,13545,542,2024,662100,626461,7419,602220,1264320
12,Caja de Compensación Familiar del Putumayo: COMFAMILIAR Putumayo,2906,186,33,,2024,28662,28013,430,33370,62032
12,Caja de Compensación Familiar de San Andrés y Providencia Islas: CAJASAI,1600,165,5,,2024,15621,14937,514,16813,32434
12,Caja de Compensación Familiar del Amazonas: CAFAMAZ,927,188,13,2,2024,6377,5966,208,11338,17715
12,Caja de Compensación Familiar de Arauca: COMFIAR,2366,225,7,,2024,22912,21522,1158,34750,57662
12,Caja de Compensación Familiar Campesina: COMCAJA,2388,24,,,2024,18076,18052,,18812,36888
12,Caja de Compensación Familiar del Casanare: COMFACASANARE,10418,422,74,,2024,73144,69206,3442,94007,167151
12,Caja de Compensación Familiar CAJACOPI BARRANQUILLA,4651,114,13,,2024,62472,61525,820,85969,148441
